{"cameraMode":{"drawMode":0,"name":"Shaded","section":"Shading Mode"},"sceneLighting":true,"audioPlay":false,"sceneViewState":{"m_AlwaysRefresh":false,"showFog":true,"showSkybox":true,"showFlares":true,"showImageEffects":true,"showParticleSystems":true,"showVisualEffectGraphs":true,"m_FxEnabled":true},"in2DMode":false,"pivot":{"x":0.42665934562683108,"y":1.0060229301452637,"z":1.5120600461959839},"rotation":{"x":-0.08950673043727875,"y":0.8333399295806885,"z":-0.1415988653898239,"w":-0.5267665386199951},"size":2.317854642868042,"orthographic":false}